Lexus LX,$ 135 000,https://im.mashina.kg/tachka/images//1/8/a/18a738082fbec3f5048bcf1a3c6a90af_240x180.jpg,2018г. 5.7л. автоматвнедорожник5дв. бензинрульслева 54000км
Kia Sportage,$ 42 000,https://im.mashina.kg/tachka/images//6/e/c/6ece1b70decae24d3a35f3ae7f9bd6b2_240x180.jpg,2022г. 2.5л. автоматвнедорожник5дв. бензинрульслева 3800км
Lexus RX,$ 45 000,https://im.mashina.kg/tachka/images//9/2/9/92981baca26705ca1a726f9e5e4f5aff_240x180.jpg,2017г. 3.5л. автоматвнедорожник5дв. бензинрульслева 90000км
Toyota Camry,$ 30 000,https://im.mashina.kg/tachka/images//8/9/4/89435dbf4f657ca925780b482c263b17_240x180.jpg,2018г. 2.5л. вариаторседан гибридрульслева 80000км
Toyota Camry,$ 54 000,https://im.mashina.kg/tachka/images//0/2/8/0285ac64612c65a43d344b5d2e38deec_240x180.jpg,2023г. 2.5л. вариаторседан гибридрульслева 30км
BMW X5,$ 48 000,https://im.mashina.kg/tachka/images//e/3/f/e3f765c29a057355694c2ae400e8f052_240x180.jpg,2018г. 3л. автоматвнедорожник5дв. дизельрульслева 92000км
BMW 7 серии,$ 42 000,https://im.mashina.kg/tachka/images//c/a/6/ca6d47b0591f517603a0632d547875d6_240x180.jpg,2018г. 2л. автоматседан бензинрульслева 30600км
Toyota Highlander,$ 34 000,https://im.mashina.kg/tachka/images//f/9/d/f9d02fbcdac6e4ff7f59fbe663176ffe_240x180.jpg,2019г. 3.5л. автоматвнедорожник5дв. бензинрульслева 130000км
Kia Stinger,$ 36 000,https://im.mashina.kg/tachka/images//e/c/e/ecee40234b9de21d85fc40b92e4d293e_240x180.jpg,2017г. 3.3л. автоматлифтбек бензинрульслева 126000км
Toyota 4Runner,$ 23 500,https://im.mashina.kg/tachka/images//f/d/d/fdd8ed9cf9bb7dff93701e13ddef2f16_240x180.jpg,2006г. 4л. автоматвнедорожник5дв. бензинрульслева 190000км
Toyota Land Cruiser,$ 119 000,https://im.mashina.kg/tachka/images//9/5/1/95108f1936d654dedbdbe57325f9b7e3_240x180.jpg,2023г. 4л. автоматвнедорожник5дв. бензинрульслева 150км
Lexus GX,$ 52 500,https://im.mashina.kg/tachka/images//a/7/f/a7f6e35fcf1ab7b1770ca4a9e69e7d83_240x180.jpg,2018г. 4.6л. автоматвнедорожник5дв. бензинрульслева 50000км
Mitsubishi Pajero,$ 10 500,https://im.mashina.kg/tachka/images//5/3/1/53127198eb77c7297f61538ceb173c33_240x180.jpg,2003г. 3л. автоматвнедорожник5дв. бензинрульсправа 212420км
Honda Accord,$ 9 600,https://im.mashina.kg/tachka/images//d/1/6/d16c7d3931e583240a1ffefc68873feb_240x180.jpg,2005г. 2.4л. автоматседан бензинрульсправа 185000км
Hyundai Sonata,$ 14 200,https://im.mashina.kg/tachka/images//f/2/3/f23f3a279967fd7d6f26a80e87e77390_240x180.jpg,2018г. 2л. автоматседан газрульслева 97000км
Toyota Camry,$ 25 000,https://im.mashina.kg/tachka/images//9/f/1/9f10124151db2be500533bcb7e1cc6aa_240x180.jpg,2020г. 2.5л. автоматседан бензинрульслева 50000км
Toyota Camry,$ 27 000,https://im.mashina.kg/tachka/images//7/4/8/74877ec62a000719d91089e38c62c641_240x180.jpg,2020г. 2.5л. автоматседан бензинрульслева 62000км
BMW X7,$ 138 000,https://im.mashina.kg/tachka/images//2/9/5/29570ac2e01b0f2524b1635dd11b061e_240x180.jpg,2022г. 3л. автоматвнедорожник5дв. бензинрульслева 15000км
Toyota Camry (Japan),$ 10 700,https://im.mashina.kg/tachka/images//f/9/6/f9681c7e7ffde3b7e34bd419a4c40d98_240x180.jpg,2003г. 2.4л. автоматседан бензинрульсправа 295000км
BMW 5 серии,$ 36 999,https://im.mashina.kg/tachka/images//e/5/9/e59eeed033fbbb153e789d460bacd564_240x180.jpg,2018г. 3л. автоматседан бензинрульслева 65000км
Mercedes-Benz E-класс,$ 14 500,https://im.mashina.kg/tachka/images//f/d/c/fdcd06fbb33bfdacfd340c60f1a33a33_240x180.jpg,2001г. 4.3л. автоматседан бензинрульслева 220000км
Hyundai Tucson,$ 17 000,https://im.mashina.kg/tachka/images//a/c/c/accea6606347fb470d10d7d3bf6d54cc_240x180.jpg,2016г. 2л. автоматвнедорожник5дв. дизельрульслева 122000км
Subaru Outback,$ 17 500,https://im.mashina.kg/tachka/images//1/2/9/129810ff2a9c5f9df61c3fab1c51742e_240x180.jpg,2018г. 2.5л. вариаторуниверсал бензинрульслева 65000км
Hyundai Sonata,$ 12 500,https://im.mashina.kg/tachka/images//6/7/f/67f858d9da9f079772d1a272c41af980_240x180.jpg,2016г. 2.4л. автоматседан бензинрульслева 180000км
Lexus GS,$ 32 000,https://im.mashina.kg/tachka/images//a/3/e/a3eb0a15efadca5c273c493f896bd3d9_240x180.jpg,2017г. 2.5л. вариаторседан гибридрульслева 103000км
Hyundai Sonata,$ 17 900,https://im.mashina.kg/tachka/images//2/d/d/2dd9877fa94cc914f394768797b92fa8_240x180.jpg,2018г. 2л. автоматседан газрульслева 155000км
Kia K5 II Седан,$ 11 999,https://im.mashina.kg/tachka/images//5/f/0/5f088ff8cfe18174c02ab9813441a234_240x180.jpg,2016г. 2л. автоматседан газрульслева 132000км
Toyota Camry,$ 17 500,https://im.mashina.kg/tachka/images//e/c/0/ec006a60d23b6544511681d909efabf9_240x180.jpg,2016г. 2.5л. автоматседан бензинрульслева 280000км
Kia Mohave (Borrego),$ 64 000,https://im.mashina.kg/tachka/images//0/9/b/09b13a90494f267fc3d17d1738e46091_240x180.jpg,2023г. 3л. автоматвнедорожник5дв. дизельрульслева
Hyundai Sonata,$ 13 600,https://im.mashina.kg/tachka/images//1/7/4/17459a1aa65d1a8940206c7654ae046e_240x180.jpg,2018г. 2л. автоматседан газрульслева 118000км
Hyundai Sonata,$ 30 300,https://im.mashina.kg/tachka/images//7/4/b/74b2aaed362b651f4d80d6d2ffb6f6b6_240x180.jpg,2021г. 1.6л. автоматседан бензинрульслева 58000км
Mercedes-Benz C-Класс,$ 29 900,https://im.mashina.kg/tachka/images//0/0/7/00710e8445012c3bb25ca0cf2d9eef8e_240x180.jpg,2017г. 2л. автоматседан бензинрульслева 86000км
BMW X6,$ 39 900,https://im.mashina.kg/tachka/images//4/4/9/449b2b3bc3722ba357be17d46ada2f48_240x180.jpg,2015г. 3л. автоматвнедорожник5дв. дизельрульслева 200000км
BMW X7,$ 106 000,https://im.mashina.kg/tachka/images//4/b/3/4b30d35a91526dad19defdbfc3aac981_240x180.jpg,2021г. 3л. автоматвнедорожник5дв. бензинрульслева 60000км
Kia Morning,$ 10 800,https://im.mashina.kg/tachka/images//a/4/f/a4f5cce4e5afb4d8bfe09ab5667c672e_240x180.jpg,2017г. 1л. автоматхэтчбек5дв. бензинрульслева 100000км
BMW 7 серии,$ 45 000,https://im.mashina.kg/tachka/images//2/e/9/2e9c924bb4eefb2594198236d6cc33be_240x180.jpg,2016г. 3л. автоматседан дизельрульслева 75000км
Lexus CT,$ 13 900,https://im.mashina.kg/tachka/images//f/c/9/fc90929bf8758dc49218e147f2916170_240x180.jpg,2012г. 1.8л. вариаторхэтчбек5дв. гибридрульслева 157000км
Kia K5 III Седан,$ 36 000,https://im.mashina.kg/tachka/images//6/d/b/6dbaa894e9a973895c652149fce97c35_240x180.jpg,2020г. 2л. автоматседан бензинрульслева 28000км
Audi Q7,$ 52 000,https://im.mashina.kg/tachka/images//b/7/3/b732dc8b6f151da69651c558b65b61f8_240x180.jpg,2017г. 3л. автоматвнедорожник5дв. бензинрульслева 142000км
Lexus RX,$ 52 000,https://im.mashina.kg/tachka/images//e/0/8/e081ef3ab5eae023d4e0e35ff20c8aab_240x180.jpg,2018г. 3.5л. вариаторвнедорожник5дв. гибридрульслева 110000км
Toyota Camry,$ 8 600,https://im.mashina.kg/tachka/images//0/5/8/0585062696f6bc7ecf97dee6bd6f47c9_240x180.jpg,2004г. 3л. автоматседан бензинрульслева 280000км
BMW X5,$ 65 000,https://im.mashina.kg/tachka/images//0/5/5/055a56bd092d61336d21aac2187edf8d_240x180.jpg,2019г. 3л. автоматвнедорожник5дв. дизельрульслева 11000км
Mazda 2,$ 12 800,https://im.mashina.kg/tachka/images//1/9/1/1917ca127fe57e89d82c7a5c79409f39_240x180.jpg,2017г. 1.5л. автоматхэтчбек5дв. бензинрульслева 37800км
Honda Accord,$ 7 600,https://im.mashina.kg/tachka/images//6/c/3/6c371ec5c3a7ea1c55eee2de6e6c15a6_240x180.jpg,2005г. 2.4л. автоматседан бензинрульслева 325000км
BMW X5,$ 125 000,https://im.mashina.kg/tachka/images//b/6/6/b66381e8ec9f86db62540edb16e960b6_240x180.jpg,2022г. 3л. автоматвнедорожник5дв. гибридрульслева 11км
Toyota Camry (Japan),$ 12 500,https://im.mashina.kg/tachka/images//5/8/7/587ce43e1078f320b58605f2caca8318_240x180.jpg,2004г. 2.4л. автоматседан бензинрульсправа 100720км
Toyota RAV4,$ 23 500,https://im.mashina.kg/tachka/images//9/b/1/9b1bff26a976654ddef5effb8cdca737_240x180.jpg,2016г. 2.5л. вариаторвнедорожник5дв. гибридрульслева 120000км
Hyundai Sonata,$ 17 500,https://im.mashina.kg/tachka/images//d/7/a/d7a5b7a8d76f23055677bdb5272daeee_240x180.jpg,2018г. 2л. автоматседан газрульслева 146000км
Toyota RAV4,$ 38 500,https://im.mashina.kg/tachka/images//8/2/f/82fa8e64b96369a9c264aa80b2a7ff99_240x180.jpg,2019г. 2.5л. вариаторвнедорожник5дв. гибридрульслева 20236км
Hyundai Santa Fe,$ 19 500,https://im.mashina.kg/tachka/images//d/c/4/dc43fd5a8280c9e4f29c0073ba637a57_240x180.jpg,2017г. 2.4л. автоматвнедорожник5дв. бензинрульслева 37609км
Chevrolet Cruze,$ 12 800,https://im.mashina.kg/tachka/images//d/c/9/dc9127625657ebb8a4548fcf158ba54a_240x180.jpg,2017г. 1.4л. автоматседан бензинрульслева 100000км
BMW i4,$ 96 789,https://im.mashina.kg/tachka/images//3/2/3/323567421eef277b6b3cdb6dc0241c03_240x180.jpg,2023г. автоматлифтбек электрорульслева   новый
Toyota Camry,$ 21 000,https://im.mashina.kg/tachka/images//0/b/6/0b63a0b48ec51c02db8cab0f2aa9baed_240x180.jpg,2019г. 2.5л. автоматседан бензинрульслева 65000км
Kia Carnival,$ 58 500,https://im.mashina.kg/tachka/images//a/0/d/a0d4f2c0457b68895d48679242091c48_240x180.jpg,2022г. 3.5л. автоматминивэн бензинрульслева 8000км
Subaru Outback,$ 20 500,https://im.mashina.kg/tachka/images//7/2/8/728f407991fa3eb528a6eeae563e849f_240x180.jpg,2016г. 2.5л. вариаторуниверсал бензинрульслева 101000км
Kia K5 III Седан,$ 26 300,https://im.mashina.kg/tachka/images//5/7/b/57b5198dd5ee5eee893f7f332b41765b_240x180.jpg,2021г. 2л. автоматседан бензинрульслева 64000км
Lexus UX,$ 35 000,https://im.mashina.kg/tachka/images//e/8/f/e8f353e0eeb3701a73b0469860139286_240x180.jpg,2019г. 2л. вариаторвнедорожник5дв. гибридрульслева 15000км
BMW 5 серии,$ 34 700,https://im.mashina.kg/tachka/images//9/e/8/9e83ed714746971ea006b7f6974f4b6f_240x180.jpg,2018г. 3л. автоматседан бензинрульслева 58000км
Subaru Crosstrek,$ 15 999,https://im.mashina.kg/tachka/images//b/b/e/bbe9213086c58916e31cd05f41abd4d1_240x180.jpg,2017г. 2л. вариаторвнедорожник5дв. бензинрульслева 85000км
Toyota Camry,$ 12 700,https://im.mashina.kg/tachka/images//f/c/2/fc289ae954f30c5a6695806839d05751_240x180.jpg,2005г. 2.4л. автоматседан бензинрульслева 300000км
Lexus GX,$ 50 000,https://im.mashina.kg/tachka/images//f/d/7/fd7c51ad99d749e97c732a46854f5b6a_240x180.jpg,2014г. 4.6л. автоматвнедорожник5дв. бензинрульслева 45000км
Toyota Camry,$ 13 000,https://im.mashina.kg/tachka/images//9/0/b/90ba52828fa51000951364ccd46811ea_240x180.jpg,2013г. 2.5л. автоматседан бензинрульслева 132000км
Toyota Camry,$ 9 300,https://im.mashina.kg/tachka/images//1/6/d/16d27cee157709b67c0c22e005445b87_240x180.jpg,2004г. 2.4л. автоматседан бензинрульслева 200000км
Kia Sorento,$ 37 800,https://im.mashina.kg/tachka/images//c/3/5/c35779042892d52db1501dbc0e77b24f_240x180.jpg,2021г. 2.2л. роботвнедорожник5дв. дизельрульслева 21500км
Toyota Camry,$ 44 800,https://im.mashina.kg/tachka/images//f/1/9/f199dd83cd07948024fcd7a55ece38e7_240x180.jpg,2021г. 2.5л. автоматседан бензинрульслева 21000км
BMW 5 серии,$ 55 000,https://im.mashina.kg/tachka/images//8/a/e/8ae309e024d9684c8b90b10c4ee3c6ca_240x180.jpg,2020г. 2л. автоматседан дизельрульслева 99000км
Subaru Forester,$ 11 500,https://im.mashina.kg/tachka/images//1/e/5/1e5913dce510ee4893e8926cf5dfb141_240x180.jpg,2011г. 2.5л. автоматвнедорожник5дв. бензинрульслева 133000км
Hyundai Sonata,$ 13 000,https://im.mashina.kg/tachka/images//9/0/3/90323640ea22e9aeac18897a4590057e_240x180.jpg,2018г. 2л. автоматседан газрульслева 220000км
Lexus GX,$ 55 500,https://im.mashina.kg/tachka/images//0/9/1/0916d2f638976124a43c4d08d64306a8_240x180.jpg,2017г. 4.6л. автоматвнедорожник5дв. бензинрульслева 201000км
Kia Sportage,$ 18 000,https://im.mashina.kg/tachka/images//b/d/a/bda4eec4819c56d5785b5f9e666b10b3_240x180.jpg,2019г. 2л. механикавнедорожник5дв. бензинрульслева 37700км
Honda Inspire,$ 7 900,https://im.mashina.kg/tachka/images//e/b/c/ebcbf68fc29f0bd030c654a341c2ba0e_240x180.jpg,2003г. 3л. автоматседан бензинрульсправа 135158км
Nissan Pathfinder,$ 11 500,https://im.mashina.kg/tachka/images//0/0/f/00f7864c4c2162711edc92b95ef81186_240x180.jpg,2005г. 4л. автоматвнедорожник5дв. бензинрульслева 138000км
Toyota Camry,$ 18 500,https://im.mashina.kg/tachka/images//6/e/e/6ee197885d959a00e87b25e62f9069d0_240x180.jpg,2017г. 2.5л. автоматседан бензинрульслева 118000км
Chevrolet Cruze,$ 6 300,https://im.mashina.kg/tachka/images//8/7/5/8753c17cae77bb4e6c5879c263e81ff1_240x180.jpg,2011г. 1.8л. автоматседан бензинрульслева 126184км
Chevrolet TrailBlazer,$ 10 000,https://im.mashina.kg/tachka/images//c/6/6/c662ddc4093a6a1521ea93520335bcf5_240x180.jpg,2004г. 4.2л. автоматвнедорожник5дв. бензинрульслева 235000км
Lexus GX,$ 26 000,https://im.mashina.kg/tachka/images//8/6/4/8648c78ab056c9ab9a33f1c55a143726_240x180.jpg,2006г. 4.7л. автоматвнедорожник5дв. бензинрульслева 200000км
Chevrolet Epica,$ 7 900,https://im.mashina.kg/tachka/images//1/e/2/1e24b7e188ee29b10be473f0c6be4d88_240x180.jpg,2008г. 2л. автоматседан бензинрульслева 190000км
Hyundai Maxcruz,$ 31 666,https://im.mashina.kg/tachka/images//4/3/0/43052c2854b574d07074fef97d5f7203_240x180.jpg,2017г. 2.2л. автоматвнедорожник5дв. дизельрульслева 103000км
Kia Sportage,$ 45 999,https://im.mashina.kg/tachka/images//5/c/2/5c21ced8291bef43615bfb3cb3357799_240x180.jpg,2022г. 1.6л. роботвнедорожник5дв. бензинрульслева 50км
Toyota Camry,$ 16 400,https://im.mashina.kg/tachka/images//4/a/4/4a4bee9be9ca40f4515db655d7c3c2bb_240x180.jpg,2017г. 2.5л. автоматседан бензинрульслева 75000км
Toyota Sequoia,$ 45 000,https://im.mashina.kg/tachka/images//4/0/b/40b3cfe520c21da929c5889859f5d1b1_240x180.jpg,2013г. 5.7л. автоматвнедорожник5дв. бензинрульслева 140000км
Mercedes-Benz Vito,$ 10 300,https://im.mashina.kg/tachka/images//1/c/2/1c267918d5dcdecc8a2ab2d49f8fd0df_240x180.jpg,2009г. 2.1л. механикаминивэн дизельрульслева 218000км
Toyota Highlander,$ 37 800,https://im.mashina.kg/tachka/images//3/b/9/3b9ca04cff17a81c7f39715fa5ad6342_240x180.jpg,2017г. 3.5л. вариаторвнедорожник5дв. гибридрульслева 96148км
Lexus LX,$ 22 500,https://im.mashina.kg/tachka/images//0/7/8/0786924ca4cce073ebeac2d4fabded51_240x180.jpg,2003г. 4.7л. автоматвнедорожник5дв. бензинрульслева 153542км
Lexus RX,$ 42 500,https://im.mashina.kg/tachka/images//6/a/b/6ab426eeeb32464ae54761c8d1901893_240x180.jpg,2017г. 3.5л. автоматвнедорожник5дв. бензинрульслева 64000км
Lexus ES,$ 31 000,https://im.mashina.kg/tachka/images//8/8/3/88352816e1ca477943903f9c11ffafcf_240x180.jpg,2017г. 2.5л. вариаторседан гибридрульслева 77000км
Toyota Land Cruiser,$ 35 500,https://im.mashina.kg/tachka/images//b/d/f/bdfdc8c903f336cf3745f0f062a5fd58_240x180.jpg,2008г. 4.7л. автоматвнедорожник5дв. бензинрульслева 321000км
BMW X5,$ 35 500,https://im.mashina.kg/tachka/images//4/7/0/4704e1833272ab53eb8fb982fa66f2bc_240x180.jpg,2013г. 4.4л. автоматвнедорожник5дв. бензинрульслева 188000км
Lexus GX,$ 27 000,https://im.mashina.kg/tachka/images//9/e/0/9e03b038c22e46bcc0d2950ae9c1336e_240x180.jpg,2008г. 4.7л. автоматвнедорожник5дв. бензинрульслева 139000км
Land Rover Range Rover,$ 260 000,https://im.mashina.kg/tachka/images//d/7/c/d7c2e50be41edc4811ee44fb32019754_240x180.jpg,2022г. 4.4л. автоматвнедорожник5дв. бензинрульслева
Toyota Camry,$ 16 200,https://im.mashina.kg/tachka/images//4/1/4/41483d7ceaed9fae176e827fcf5c0dd0_240x180.jpg,2016г. 2.5л. автоматседан бензинрульслева 110000км
Honda CR-V,$ 8 500,https://im.mashina.kg/tachka/images//9/f/3/9f342cafc54b8a2286c48ec628e7a46f_240x180.jpg,2002г. 2.4л. автоматвнедорожник5дв. бензинрульслева 260000км
BMW X5,$ 26 200,https://im.mashina.kg/tachka/images//c/5/8/c5847183c167d50ff989f8833da1752a_240x180.jpg,2013г. 3л. автоматвнедорожник5дв. бензинрульслева 200000км
Toyota Land Cruiser Prado,$ 18 900,https://im.mashina.kg/tachka/images//a/c/6/ac66398d032d22bf6536042fed17001a_240x180.jpg,2003г. 3.4л. автоматвнедорожник5дв. бензинрульсправа 160000км
Daihatsu Cuore,$ 5 300,https://im.mashina.kg/tachka/images//8/9/0/8901ac907cfc1956bb18748872584630_240x180.jpg,2008г. 1л. механикахэтчбек5дв. бензинрульслева 210000км
Kia K7,$ 23 700,https://im.mashina.kg/tachka/images//1/3/1/131b9887cf972cdce1b0e2b31c37ff06_240x180.jpg,2019г. 3л. автоматседан газрульслева 119000км
Lexus NX,$ 29 900,https://im.mashina.kg/tachka/images//2/6/8/268c9e61231ef6b723a05ae58039aad5_240x180.jpg,2016г. 2л. автоматвнедорожник5дв. бензинрульслева 149000км
Kia Morning,$ 8 800,https://im.mashina.kg/tachka/images//a/6/6/a66fe1aeca5ea15627e1e6e61572421e_240x180.jpg,2017г. 1л. автоматхэтчбек5дв. бензинрульслева 9000км
Hyundai Sonata,$ 11 000,https://im.mashina.kg/tachka/images//8/4/c/84cf905e6814a17825567800207bbcdb_240x180.jpg,2017г. 2л. автоматседан газрульслева 10000км
Kia K7,$ 27 000,https://im.mashina.kg/tachka/images//f/b/f/fbfdf348a1d555ecef3933c498dd6de8_240x180.jpg,2017г. 3.3л. автоматседан бензинрульслева 135000км
ВАЗ (Lada) 2107,$ 3 985,https://im.mashina.kg/tachka/images//2/0/e/20ea7e10e9204b09f638e92ce4321097_240x180.jpg,2010г. 1.6л. механикаседан бензинрульслева 62000км
BYD Han,$ 54 000,https://im.mashina.kg/tachka/images//e/b/e/ebeed90061ff7af7aa8e7bbe06bac35e_240x180.jpg,2023г. автоматседан электрорульслева 50км
Subaru Legacy,$ 6 200,https://im.mashina.kg/tachka/images//5/f/5/5f51f0c50c86069571ff4889ff92f5cb_240x180.jpg,2005г. 2л. автоматседан бензинрульсправа 300000км
Mercedes-Benz E-класс,$ 9 500,https://im.mashina.kg/tachka/images//0/3/8/038f3885aea8dbcee1adce150d11f7e7_240x180.jpg,2003г. 3.2л. автоматседан бензинрульслева 230000км
Hyundai Sonata,$ 23 000,https://im.mashina.kg/tachka/images//a/3/4/a34bf15f7f60cf5fa7da6375fbb40b16_240x180.jpg,2017г. 2л. автоматседан бензинрульслева 104349км
Toyota RAV4,$ 27 000,https://im.mashina.kg/tachka/images//b/1/6/b16ab583682ad7c400f1579cd84e225c_240x180.jpg,2020г. 2.5л. автоматвнедорожник5дв. бензинрульслева 40500км
Toyota Wish,$ 7 060,https://im.mashina.kg/tachka/images//e/8/4/e8421d0347195ea8e129c8b949d0da0a_240x180.jpg,2003г. 1.8л. автоматкомпактвэн бензинрульсправа 230000км
Toyota Camry,$ 17 900,https://im.mashina.kg/tachka/images//c/3/9/c3984a3783324dc0b6c79cda27de9dad_240x180.jpg,2017г. 2.5л. вариаторседан гибридрульслева 104450км
Toyota Highlander,$ 45 000,https://im.mashina.kg/tachka/images//c/c/4/cc45f62c9147d6e5f2b13297ec35a6ce_240x180.jpg,2021г. 3.5л. автоматвнедорожник5дв. бензинрульслева 50284км
Subaru Outback,$ 9 800,https://im.mashina.kg/tachka/images//a/4/0/a40dc9af99edb6cc42cf5d6f02af001f_240x180.jpg,2005г. 3л. автоматуниверсал бензинрульсправа 200000км
BMW 5 серии,$ 36 500,https://im.mashina.kg/tachka/images//e/0/c/e0c255f136af4fceb6543079083ef2ed_240x180.jpg,2017г. 2л. автоматседан дизельрульслева 125000км
Honda Inspire,$ 9 000,https://im.mashina.kg/tachka/images//a/e/f/aefd2a5ebc59e8a254c87fb70f0cef0e_240x180.jpg,2004г. 3л. автоматседан бензинрульсправа 20000км
Toyota 4Runner,$ 12 500,https://im.mashina.kg/tachka/images//a/9/d/a9d0e9fb7f925980810a11fe599ade90_240x180.jpg,2003г. 4л. автоматвнедорожник5дв. бензинрульсправа 120000км
Toyota Camry,$ 15 900,https://im.mashina.kg/tachka/images//d/9/8/d988612c8268b35df3031fd900694e66_240x180.jpg,2017г. 2.5л. автоматседан бензинрульслева 99000км
Lexus LX,$ 100 000,https://im.mashina.kg/tachka/images//5/2/3/5237d02af19869d708162a705e3373da_240x180.jpg,2018г. 4.5л. автоматвнедорожник5дв. дизельрульслева 88000км
Lexus RX,$ 25 900,https://im.mashina.kg/tachka/images//3/0/2/302903f8c2f8a8d29bdf17de0f2c16da_240x180.jpg,2012г. 3.5л. автоматвнедорожник5дв. бензинрульслева 164000км
Toyota RAV4,$ 19 900,https://im.mashina.kg/tachka/images//7/9/5/795d195943b914cc9c4412d82aae8e50_240x180.jpg,2017г. 2.5л. автоматвнедорожник5дв. бензинрульслева 45000км
Honda Accord,$ 22 500,https://im.mashina.kg/tachka/images//9/f/b/9fb980aa7dddb8e9ba1b96debf5fe5ef_240x180.jpg,2018г. 1.5л. вариаторседан бензинрульслева 55000км
Subaru Forester,$ 16 500,https://im.mashina.kg/tachka/images//9/7/c/97ced724d1585d1226e0b72865b3957e_240x180.jpg,2019г. 2.5л. вариаторвнедорожник5дв. бензинрульслева 17523км
Toyota Camry,$ 20 700,https://im.mashina.kg/tachka/images//b/7/3/b730e992cf271cfbcb099335dd31d05c_240x180.jpg,2017г. 2.5л. автоматседан бензинрульслева 82000км
BMW X5,$ 92 000,https://im.mashina.kg/tachka/images//3/b/f/3bf38a30a3d37a200fe0c1ed5c3162ae_240x180.jpg,2019г. 3л. автоматвнедорожник5дв. бензинрульслева 68500км
Kia Sorento,$ 13 800,https://im.mashina.kg/tachka/images//a/1/c/a1ce1707e0d5b235937a43cb7adcf125_240x180.jpg,2009г. 2.2л. автоматвнедорожник5дв. дизельрульслева 113000км
Toyota Camry,$ 21 000,https://im.mashina.kg/tachka/images//f/c/8/fc8437641522f4ff095dab995c721a61_240x180.jpg,2015г. 2.5л. автоматседан бензинрульслева 88600км
BMW 5 серии,$ 15 990,https://im.mashina.kg/tachka/images//f/8/4/f847f9c35228a6fb6d1c970bb0a43e6c_240x180.jpg,2011г. 3л. автоматседан бензинрульслева 130000км
Toyota Highlander,$ 28 500,https://im.mashina.kg/tachka/images//d/3/8/d3847eb10711e5de25121585fc355e3b_240x180.jpg,2014г. 3.5л. автоматвнедорожник5дв. бензинрульслева 17000км
Toyota Camry,$ 27 000,https://im.mashina.kg/tachka/images//e/0/8/e08bda5cf23046103f4e7e77be17bb2b_240x180.jpg,2021г. 2.5л. автоматседан бензинрульслева 34500км
Toyota RAV4,$ 33 900,https://im.mashina.kg/tachka/images//d/b/1/db17dacea3f83aca14555de65bc69d42_240x180.jpg,2020г. 2.5л. автоматвнедорожник5дв. бензинрульслева 19200км
Toyota Avalon,$ 21 900,https://im.mashina.kg/tachka/images//d/7/6/d76e6f79b58d19b5d3d2b8d02090db83_240x180.jpg,2016г. 2.5л. вариаторседан гибридрульслева 180000км
Honda Civic,$ 8 700,https://im.mashina.kg/tachka/images//d/1/8/d18e205051a5837f72470021b77b6317_240x180.jpg,2009г. 1.3л. вариаторседан гибридрульслева 212000км
BMW 7 серии,$ 13 500,https://im.mashina.kg/tachka/images//1/e/0/1e02119f753d9a129b39bc9350fe01c8_240x180.jpg,2000г. 3.5л. автоматседан бензинрульслева 220000км
BMW X5,$ 44 800,https://im.mashina.kg/tachka/images//e/e/2/ee2be474d7749c2aeb5a7bf95a90cfad_240x180.jpg,2016г. 3л. автоматвнедорожник5дв. бензинрульслева 73000км
Toyota Land Cruiser Prado,$ 22 000,https://im.mashina.kg/tachka/images//b/e/1/be186aa4e2b80cecdf2b0b03a6ee364a_240x180.jpg,2005г. 3л. автоматвнедорожник5дв. дизельрульслева 212100км
BMW X5,$ 22 300,https://im.mashina.kg/tachka/images//5/c/f/5cfb43802443ded96d35b08b5b72a8e0_240x180.jpg,2011г. 3л. автоматвнедорожник5дв. дизельрульслева 277000км
Lexus ES,$ 29 900,https://im.mashina.kg/tachka/images//f/9/5/f9502cb272b58f9b4cb570e79d15e11e_240x180.jpg,2017г. 3.5л. автоматседан бензинрульслева 157000км
BMW X5,$ 50 000,https://im.mashina.kg/tachka/images//2/3/3/233266543c29c075076ca877f217819a_240x180.jpg,2017г. 3л. автоматвнедорожник5дв. дизельрульслева 195000км
Toyota Land Cruiser,$ 15 500,https://im.mashina.kg/tachka/images//b/d/7/bd782f06e5bafbc23df316a5662325ce_240x180.jpg,2000г. 4.7л. автоматвнедорожник5дв. бензинрульслева 163000км
Cadillac Lyriq,$ 70 000,https://im.mashina.kg/tachka/images//e/a/e/eae1b9cd5cfe555a55a257285113a127_240x180.jpg,2023г. автоматвнедорожник5дв. электрорульслева 50км
Toyota Land Cruiser,$ 25 000,https://im.mashina.kg/tachka/images//3/4/c/34c524e9ecf47c13aee3cb908f5aa234_240x180.jpg,2005г. 4.2л. механикавнедорожник5дв. дизельрульслева 110000км
Toyota Camry,$ 38 500,https://im.mashina.kg/tachka/images//f/f/8/ff8385da4494f39c08a4c4a47c684512_240x180.jpg,2022г. 2.5л. автоматседан бензинрульслева 17000км
BMW 5 серии,$ 50 000,https://im.mashina.kg/tachka/images//c/4/c/c4c153252ffcf985606af641203b4da6_240x180.jpg,2019г. 2л. автоматседан бензинрульслева 20000км
Kia Carnival,$ 26 500,https://im.mashina.kg/tachka/images//1/f/4/1f4dad215e87d0d58210245c387d106f_240x180.jpg,2018г. 2.2л. автоматминивэн дизельрульслева 80000км
Toyota RAV4,$ 14 870,https://im.mashina.kg/tachka/images//6/f/c/6fc4e2a25e31512c130fadb4439ec9d0_240x180.jpg,2008г. 2.4л. автоматвнедорожник5дв. бензинрульслева 196000км
Toyota 4Runner,$ 40 700,https://im.mashina.kg/tachka/images//b/c/6/bc66180650a395a9e893c050a8e1dc00_240x180.jpg,2017г. 4л. автоматвнедорожник5дв. бензинрульслева 86000км
Toyota Camry,$ 32 700,https://im.mashina.kg/tachka/images//d/0/a/d0a1202104be422017e0208b203f5641_240x180.jpg,2018г. 2.5л. автоматседан бензинрульслева 30000км
Mercedes-Benz E-класс AMG,$ 26 700,https://im.mashina.kg/tachka/images//8/3/c/83c05a19e41ccab5c273d81663872734_240x180.jpg,2002г. 5.4л. автоматседан бензинрульслева 137000км
Toyota Caldina,$ 7 100,https://im.mashina.kg/tachka/images//e/0/a/e0a77079c6cbd45be954edce8cf05c4a_240x180.jpg,2003г. 2л. автоматуниверсал бензинрульсправа 253000км
Toyota Prius,$ 12 999,https://im.mashina.kg/tachka/images//1/f/3/1f3eec085ee97606dc13ce9c6bd896ae_240x180.jpg,2015г. 1.8л. автоматхэтчбек5дв. гибридрульслева 123000км
Hyundai Santa Fe,$ 29 000,https://im.mashina.kg/tachka/images//f/e/2/fe2cc03d7c39d21b6d370050e375391b_240x180.jpg,2016г. 2.2л. автоматвнедорожник5дв. дизельрульслева 95000км
Toyota Camry,$ 25 900,https://im.mashina.kg/tachka/images//f/1/5/f15e8976ab756e921e5293ba7e2c00bb_240x180.jpg,2019г. 2.5л. вариаторседан гибридрульслева 140000км
Kia K5 III Седан,$ 30 000,https://im.mashina.kg/tachka/images//d/8/8/d8833ae9e581706078a9996fd8823826_240x180.jpg,2020г. 2л. автоматседан бензинрульслева 43407км
BMW X7,$ 105 000,https://im.mashina.kg/tachka/images//b/0/6/b06de74979f27da1c61b9189b770ff4f_240x180.jpg,2021г. 3л. автоматвнедорожник5дв. бензинрульслева 20000км
Mercedes-Benz E-класс,$ 18 000,https://im.mashina.kg/tachka/images//5/b/0/5b0988564c68a8bc04dc4a6034ab3fa0_240x180.jpg,2003г. 4.3л. автоматседан бензинрульслева 64000км
Subaru Forester,$ 32 000,https://im.mashina.kg/tachka/images//c/0/6/c066ff1b592cae211dcb835fad7e824e_240x180.jpg,2019г. 2.5л. вариаторвнедорожник5дв. бензинрульслева 39000км
Lexus RX,$ 59 500,https://im.mashina.kg/tachka/images//2/5/b/25bb91e18896494b2e469dec8fdb2131_240x180.jpg,2017г. 3.5л. вариаторвнедорожник5дв. гибридрульслева 80000км
Kia K7,$ 33 000,https://im.mashina.kg/tachka/images//1/b/6/1b64d53abde91e7f62cf14711b26c43b_240x180.jpg,2020г. 3л. автоматседан газрульслева 150000км
Toyota Camry,$ 11 200,https://im.mashina.kg/tachka/images//7/b/7/7b73fe13faf56ec10c9560713e073a71_240x180.jpg,2006г. 3.5л. автоматседан бензинрульслева 180000км
Lexus GX,$ 44 000,https://im.mashina.kg/tachka/images//9/8/e/98eac4a3b09c6b3aed92c7888c795868_240x180.jpg,2014г. 4.6л. автоматвнедорожник5дв. бензинрульслева 101000км
Toyota Land Cruiser Prado,$ 90 000,https://im.mashina.kg/tachka/images//3/b/c/3bcf1aedaa51da3d34b6c4f19bf9d89c_240x180.jpg,2022г. 4л. автоматвнедорожник5дв. бензинрульслева 4000км
Toyota 4Runner,$ 25 500,https://im.mashina.kg/tachka/images//c/1/9/c19b3c76e9b787ca69fad57dd2eaf12b_240x180.jpg,2008г. 4л. автоматвнедорожник5дв. бензинрульслева 200000км
Lexus NX,$ 49 000,https://im.mashina.kg/tachka/images//7/e/7/7e7bfd73ba52dd865f6f17b959600a2a_240x180.jpg,2021г. 2.5л. вариаторвнедорожник5дв. гибридрульслева 9000км
BMW X5,$ 41 000,https://im.mashina.kg/tachka/images//9/8/b/98b29bc32ad8ba215e0ab534f2fcd873_240x180.jpg,2017г. 2л. автоматвнедорожник5дв. гибридрульслева 157000км
Toyota Prius,$ 13 400,https://im.mashina.kg/tachka/images//7/f/b/7fb7f6f9d0ecb33b492d3d65f66e4baf_240x180.jpg,2015г. 1.8л. автоматхэтчбек5дв. гибридрульслева 156000км
Hyundai Palisade,$ 48 700,https://im.mashina.kg/tachka/images//e/1/1/e11fe48f88791171b89ce4b8ab36b4bc_240x180.jpg,2020г. 2.2л. автоматвнедорожник5дв. дизельрульслева 27000км
Kia Sorento,$ 38 500,https://im.mashina.kg/tachka/images//6/d/9/6d9d242eb9be5f64c6235796df956b2b_240x180.jpg,2020г. 2.2л. роботвнедорожник5дв. дизельрульслева 54000км
Toyota Land Cruiser,$ 38 800,https://im.mashina.kg/tachka/images//4/f/9/4f9dc314368a0b3934f7de582b44f109_240x180.jpg,2012г. 4.6л. автоматвнедорожник5дв. бензинрульслева 128000км
Lexus GX,$ 32 500,https://im.mashina.kg/tachka/images//4/4/f/44f8004ed50254851f79ffa5c61828b9_240x180.jpg,2009г. 4.7л. автоматвнедорожник5дв. бензинрульслева 137000км
Lexus LX,$ 37 500,https://im.mashina.kg/tachka/images//9/7/5/9757fbe5756893b7148d20cbbdc367a2_240x180.jpg,2008г. 5.7л. автоматвнедорожник5дв. бензинрульслева 12200км
Kia K7,$ 19 900,https://im.mashina.kg/tachka/images//a/2/3/a23d0709424449011380be149aafc822_240x180.jpg,2017г. 2.4л. автоматседан гибридрульслева 165000км
Toyota Camry,$ 26 000,https://im.mashina.kg/tachka/images//5/6/c/56cbd18777326eb124daf5f4ae4ec49f_240x180.jpg,2019г. 2.5л. автоматседан бензинрульслева 50000км
Hyundai Getz,$ 4 800,https://im.mashina.kg/tachka/images//d/e/4/de4709c214afda001e069dd947557a9f_240x180.jpg,2004г. 1.4л. автоматхэтчбек5дв. бензинрульслева 262000км
Subaru Forester,$ 23 000,https://im.mashina.kg/tachka/images//1/1/0/11072b8e35d52255f6c0ce698e21bc4e_240x180.jpg,2019г. 2.5л. вариаторвнедорожник5дв. бензинрульслева 78000км
Toyota Avalon,$ 41 000,https://im.mashina.kg/tachka/images//8/5/2/8524bd03f989120f81dcbfb0f9322b66_240x180.jpg,2019г. 2.5л. вариаторседан гибридрульслева 57000км
Subaru Legacy,$ 9 000,https://im.mashina.kg/tachka/images//6/e/9/6e93d64f7e9a39e5d13995fad57c73c3_240x180.jpg,2009г. 2.5л. автоматседан бензинрульслева 136000км
Mercedes-Benz GLC AMG,$ 78 000,https://im.mashina.kg/tachka/images//4/c/1/4c15ec63960776b51e7a6e319cdfae25_240x180.jpg,2018г. 4л. автоматвнедорожник5дв. бензинрульслева 20000км
BMW 5 серии,$ 32 500,https://im.mashina.kg/tachka/images//5/f/2/5f20b4232d303697c15388df2f1ce7d6_240x180.jpg,2018г. 2л. автоматседан дизельрульслева 154988км
Honda Jazz,$ 7 700,https://im.mashina.kg/tachka/images//e/6/7/e678d9e7256bc83a0fdeddd2e74da068_240x180.jpg,2004г. 1.3л. вариаторхэтчбек5дв. бензинрульслева 280000км
Lexus ES,$ 33 500,https://im.mashina.kg/tachka/images//2/d/b/2db798af806d98d60c6f84fb406cfc95_240x180.jpg,2016г. 2.5л. вариаторседан гибридрульслева 130000км
BMW 7 серии,$ 285 000,https://im.mashina.kg/tachka/images//c/7/b/c7b9e2364ff1a73fc8814983cc875762_240x180.jpg,2022г. 4.4л. автоматседан бензинрульслева 70км
Kia Sorento,$ 41 000,https://im.mashina.kg/tachka/images//c/c/a/ccabd1e497315ef06a72c541deb6dbd0_240x180.jpg,2020г. 2.2л. роботвнедорожник5дв. дизельрульслева 39000км
Hyundai Palisade,$ 43 500,https://im.mashina.kg/tachka/images//5/c/9/5c99297100d1d019b22579aa299569ea_240x180.jpg,2019г. 2.2л. автоматвнедорожник5дв. дизельрульслева 50000км
Toyota Camry,$ 23 500,https://im.mashina.kg/tachka/images//a/b/3/ab371947907a67bcd8fc98bd5e186d17_240x180.jpg,2018г. 2.5л. автоматседан бензинрульслева 137000км
BMW 5 серии,$ 37 000,https://im.mashina.kg/tachka/images//8/6/6/8661c1e147dc26bd558944de8ccc757f_240x180.jpg,2017г. 2л. автоматседан бензинрульслева 89000км
Hyundai Sonata,$ 15 000,https://im.mashina.kg/tachka/images//d/d/c/ddc5b69655e7e6c7f160ce363ea7695f_240x180.jpg,2017г. 2л. автоматседан газрульслева 154000км
Mercedes-Benz CLS,$ 82 000,https://im.mashina.kg/tachka/images//d/5/e/d5eb79cf0b09457b047dae8b8ec9217f_240x180.jpg,2021г. 3л. автоматседан бензинрульслева 70000км
Lexus GS,$ 32 000,https://im.mashina.kg/tachka/images//0/a/6/0a6f2df167bfe5c31d7048da50dca182_240x180.jpg,2018г. 2.5л. вариаторседан гибридрульслева 140000км
Kia K8,$ 45 000,https://im.mashina.kg/tachka/images//6/4/4/6449d1286bfb43d79b797402a33e6837_240x180.jpg,2022г. 3.5л. автоматседан газрульслева 55000км
Lexus LX,$ 33 800,https://im.mashina.kg/tachka/images//3/c/7/3c771f9321089754cff778ccb83b2f2e_240x180.jpg,2008г. 5.7л. автоматвнедорожник5дв. бензинрульслева 212000км
Kia K7,$ 16 900,https://im.mashina.kg/tachka/images//b/0/8/b083dc0f4a9b073e2066297421735aa8_240x180.jpg,2018г. 3л. автоматседан газрульслева 212000км
Lexus LX,$ 46 900,https://im.mashina.kg/tachka/images//0/f/b/0fb8e4e3444ddbe25cc6e69dcfdd6179_240x180.jpg,2012г. 5.7л. автоматвнедорожник5дв. бензинрульслева 193000км
Kia Sorento,$ 42 000,https://im.mashina.kg/tachka/images//e/6/9/e69717758a692780fb4cb9457b3fdf34_240x180.jpg,2021г. 2.2л. роботвнедорожник5дв. дизельрульслева 38000км
Subaru Forester,$ 16 000,https://im.mashina.kg/tachka/images//2/a/8/2a8a07717f4b90e457d76a9f75e068b6_240x180.jpg,2017г. 2.5л. вариаторвнедорожник5дв. бензинрульслева 50000км
Toyota Avalon,$ 20 000,https://im.mashina.kg/tachka/images//b/4/8/b48afec9026e395096f0621bd863e040_240x180.jpg,2016г. 2.5л. вариаторседан гибридрульслева 100352км
Subaru Forester,$ 21 000,https://im.mashina.kg/tachka/images//f/4/2/f422099c9b8c416b80483a4d994ad6df_240x180.jpg,2020г. 2.5л. вариаторвнедорожник5дв. бензинрульслева 9500км
BMW X5,$ 49 000,https://im.mashina.kg/tachka/images//e/c/4/ec4efd3beefc77cba9023185a3c1cc42_240x180.jpg,2018г. 3л. автоматвнедорожник5дв. бензинрульслева 60000км
Toyota Camry,$ 50 000,https://im.mashina.kg/tachka/images//d/1/b/d1bb438e489c45c0e07287352cf4a114_240x180.jpg,2022г. 2.5л. вариаторседан гибридрульслева 1км
Kia Sorento,$ 23 000,https://im.mashina.kg/tachka/images//2/5/b/25bad51e12c04ac8cc5828a12ddcc0c5_240x180.jpg,2018г. 2.2л. автоматвнедорожник5дв. дизельрульслева 189000км
BMW X5,$ 90 000,https://im.mashina.kg/tachka/images//2/c/7/2c75925cf39b0c3edac2b8f48fd0c69d_240x180.jpg,2019г. 3л. автоматвнедорожник5дв. бензинрульслева 56000км
Kia K5 III Седан,$ 36 000,https://im.mashina.kg/tachka/images//c/b/d/cbdefe8b7bae7db1882b8141056a781c_240x180.jpg,2020г. 2л. автоматседан бензинрульслева 55000км
Toyota Camry,$ 15 800,https://im.mashina.kg/tachka/images//d/9/7/d9701f1098976efbb7260eb7eb576ffe_240x180.jpg,2016г. 2.5л. автоматседан бензинрульслева 42000км
BYD E5,$ 12 300,https://im.mashina.kg/tachka/images//e/c/5/ec5e2cd716169c2efab6b524942b133d_240x180.jpg,2016г. автоматседан электрорульслева 75000км
